{
  "HTTP Request-1" : {
    "transaction" : "HTTP Request-1",
    "sampleCount" : 150,
    "errorCount" : 0,
    "errorPct" : 0.0,
    "meanResTime" : 305.02666666666664,
    "medianResTime" : 253.0,
    "minResTime" : 241.0,
    "maxResTime" : 2121.0,
    "pct1ResTime" : 268.0,
    "pct2ResTime" : 271.34999999999997,
    "pct3ResTime" : 2121.0,
    "throughput" : 3.0768599618469366,
    "receivedKBytesPerSec" : 40.29965410965929,
    "sentKBytesPerSec" : 0.3605695267789379
  },
  "Total" : {
    "transaction" : "Total",
    "sampleCount" : 450,
    "errorCount" : 0,
    "errorPct" : 0.0,
    "meanResTime" : 381.12,
    "medianResTime" : 257.0,
    "minResTime" : 241.0,
    "maxResTime" : 3002.0,
    "pct1ResTime" : 517.0,
    "pct2ResTime" : 529.45,
    "pct3ResTime" : 2162.6500000000005,
    "throughput" : 9.066731141199226,
    "receivedKBytesPerSec" : 82.42697503626692,
    "sentKBytesPerSec" : 1.4166767408123793
  },
  "HTTP Request-0" : {
    "transaction" : "HTTP Request-0",
    "sampleCount" : 150,
    "errorCount" : 0,
    "errorPct" : 0.0,
    "meanResTime" : 266.4666666666665,
    "medianResTime" : 253.0,
    "minResTime" : 244.0,
    "maxResTime" : 877.0,
    "pct1ResTime" : 263.0,
    "pct2ResTime" : 269.0,
    "pct3ResTime" : 761.740000000002,
    "throughput" : 3.038528541911437,
    "receivedKBytesPerSec" : 1.637956792124134,
    "sentKBytesPerSec" : 0.35607756350524655
  },
  "HTTP Request" : {
    "transaction" : "HTTP Request",
    "sampleCount" : 150,
    "errorCount" : 0,
    "errorPct" : 0.0,
    "meanResTime" : 571.8666666666667,
    "medianResTime" : 507.0,
    "minResTime" : 489.0,
    "maxResTime" : 3002.0,
    "pct1ResTime" : 529.9,
    "pct2ResTime" : 534.9,
    "pct3ResTime" : 2886.2300000000023,
    "throughput" : 3.0222437137330753,
    "receivedKBytesPerSec" : 41.21348751813346,
    "sentKBytesPerSec" : 0.7083383704061896
  }
}